"Year","Temperature"
2014,62.3347104527056
2015,47.472215667367
2016,75.0044853519648
2017,47.3337289877236
2018,70.6693157460541
2019,46.8360215146095
2020,48.6098086740822
2021,64.1098064091057
2022,59.0985631197691
2023,75.7727885246277
2024,45.1610692031682
