"Year","Temperature"
2014,74.0221612714231
2015,74.530748128891
2016,41.9181995838881
2017,73.8640585821122
2018,47.6894128508866
2019,67.4287555273622
2020,46.9716343842447
2021,64.5774662867188
2022,51.544536203146
2023,52.6998093072325
2024,62.3923578485847
