"Year","Temperature"
2014,71.9919795822352
2015,52.7438057400286
2016,61.4317834656686
2017,66.0064304899424
2018,59.731864258647
2019,53.3794960658997
2020,56.5364104323089
2021,60.6366740819067
2022,55.7331125997007
2023,54.2432803101838
2024,79.7257796488702
